ID,Product,Cat,Line
0,Reloj-Connect-Ace-Android-C1001G4, /  Telefonía- Wearables, /  SmartWatch
2,Reloj-Mujer-Smartwatch-con-Pantalla-Tactil, /  Telefonía- Wearables, /  SmartWatch
4,Reloj-Mujer-Smartwatch-Hibrido, /  Telefonía- Wearables, /  SmartWatch
6,Reloj-Hombre-C0001G1, /  Telefonía- Wearables, /  SmartWatch
8,Reloj-Mujer-Smartwatch-Hibrido, /  Telefonía- Wearables, /  SmartWatch
10,Polar-Reloj-Smartwatch-Polar-M600-Blanco, /  Telefonía- Wearables, /  SmartWatch
12,Smartwatch-M600-Negro, /  Telefonía- Wearables, /  SmartWatch
14,Smart-Watch-Banda-Deportiva-con-Pulsometro, /  Telefonía- Wearables, /  SmartWatch
16,Apple-Watch-S4-40mm-Sil-Sea, /  Telefonía- Wearables, /  SmartWatch
18,Vantage-M-Negro-Talla%C2%A0S-M, /  Telefonía- Wearables, /  SmartWatch
20,Lhotse-Reloj-Inteligente-Y7-Deportivo-Negro-Lhotse, /  Telefonía- Wearables, /  SmartWatch
22,Smartwatch-Instinct-Gris-Tundra, /  Telefonía- Wearables, /  SmartWatch
24,Smartwatch-M200-Negro, /  Telefonía- Wearables, /  SmartWatch
26,Reloj-P1-Blanco-Smartwatch-Llamadas-Redes-Sociales, /  Telefonía- Wearables, /  SmartWatch
28,Reloj-Digital-Hombre, /  Telefonía- Wearables, /  SmartWatch
30,Reloj-P8-Negro-Smartwatch-Lhotse-Camara-Llamadas, /  Telefonía- Wearables, /  SmartWatch
32,Fenix-5-Plus-Zafiro-Negro, /  Telefonía- Wearables, /  SmartWatch
34,Lhotse-Reloj-Inteligente-Rojo-Smart-Watch-Deportivo-Sw55, /  Telefonía- Wearables, /  SmartWatch
36,Smartwatch-Forerunner-35-White, /  Telefonía- Wearables, /  SmartWatch
38,Apple-Watch-S4-Nike-40mm-Sil-Sil, /  Telefonía- Wearables, /  SmartWatch
40,Generico-Smartwatch-Reloj-Inteligente-Dz09-Bluetooth-Blanco, /  Telefonía- Wearables, /  SmartWatch
42,Smartwatch-Masterlife-Ri02-Negro-Correa-Metalica, /  Telefonía- Wearables, /  SmartWatch
44,Combo-Smartwatch-Forerunner-35-Limelight-%2B-Smart-Band-Vivosmart-4-Black, /  Telefonía- Wearables, /  SmartWatch
46,Smartwatch-Reloj-Inteligente-A1-Rojo, /  Telefonía- Wearables, /  SmartWatch
48,Apple-Watch-S3-Nike-42M-MQL42CI-A, /  Telefonía- Wearables, /  SmartWatch
50,Smart-Band-OH1-OHR, /  Telefonía- Wearables, /  SmartWatch
52,Lhotse-Reloj-Inteligente-Negro-Smart-Watch-Deportivo-Sw55, /  Telefonía- Wearables, /  SmartWatch
54,Smartwatch-Fenix-5-Plus-Black, /  Telefonía- Wearables, /  SmartWatch
56,Smartband-Mi-Band-3-Pink, /  Telefonía- Wearables, /  SmartWatch
58,Lhotse-Correa-Reloj-Lhotse-Sw55-Azul-y-Blanco, /  Telefonía- Wearables, /  SmartWatch
60,Apple-Watch-S4-44mm-Gld-Pnk, /  Telefonía- Wearables, /  SmartWatch
0,Reloj-Deportivo-para-Natacion-Sw55-Amarillo, /  Telefonía- Wearables, /  SmartWatch
2,Smart-Watch-KW98, /  Telefonía- Wearables, /  SmartWatch
4,Smartwatch-Forerunner-35-Frost-Blue, /  Telefonía- Wearables, /  SmartWatch
6,Combo-Smartwatch-Forerunner-35-Limelight-%2B-Smartband-vivosmart-4-Gray, /  Telefonía- Wearables, /  SmartWatch
8,Lhotse-Reloj-Inteligente-Rojo-con-Negro-Smart-Watch-Sw55, /  Telefonía- Wearables, /  SmartWatch
10,Xiaomi-Mi-Band-3-Strap-Naranja, /  Telefonía- Wearables, /  SmartWatch
12,Smartwatch-Vivomove-Hr-Premium-Gris-Rosegold, /  Telefonía- Wearables, /  SmartWatch
14,Correa-Quickfit-26-Mm-Roja, /  Telefonía- Wearables, /  SmartWatch
16,Smartwatch-Fenix-5S-Plus-Zafiro-Blanco, /  Telefonía- Wearables, /  SmartWatch
18,MK-CORREA-GARMIN-QUICKFIT-20-MM-SANDIA, /  Telefonía- Wearables, /  SmartWatch
20,Reloj-Mujer-Digital-MKT5040, /  Telefonía- Wearables, /  SmartWatch
22,Correa-Quickfit-22-Mm-Naranja, /  Telefonía- Wearables, /  SmartWatch
24,Apple-Watch-S4-40mm-Spg-Blk-Sl, /  Telefonía- Wearables, /  SmartWatch
26,Fenix-5X-Plus-Zafiro-Negro, /  Telefonía- Wearables, /  SmartWatch
28,Reloj-Inteligente-Smartwatch-Azul, /  Telefonía- Wearables, /  SmartWatch
30,Garmin-Smartwatch-Vivoactive-3-Music-Azul-Rosegold, /  Telefonía- Wearables, /  SmartWatch
32,Smartband-Mi-Band-3-Red, /  Telefonía- Wearables, /  SmartWatch
34,Lhotse-Reloj-Negro-Verde-Claro-Smart-Watch-Deportivo-Sw55, /  Telefonía- Wearables, /  SmartWatch
36,Reloj-Analogo-Mujer, /  Telefonía- Wearables, /  SmartWatch
38,Reloj-P5-Negro-Smartwatch-Lhotse-Camara-Llamadas, /  Telefonía- Wearables, /  SmartWatch
40,Apple-Watch-S4-Nike-44-Sil-Whi, /  Telefonía- Wearables, /  SmartWatch
42,Smartwatch-Masterlife-Ri07-Negro, /  Telefonía- Wearables, /  SmartWatch
44,Smartwatch-P10, /  Telefonía- Wearables, /  SmartWatch
46,Samsung-GalaxyWatch-42-mm-Rose-%2B-Samsung-Level-u-Pro, /  Telefonía- Wearables, /  SmartWatch
48,Watch-S4-44mm-Gld-Pnk-Loop, /  Telefonía- Wearables, /  SmartWatch
50,Smartwatch-Versa-Lite-Gris, /  Telefonía- Wearables, /  SmartWatch
52,Smartwatch-Vivoactive-3-Blanco, /  Telefonía- Wearables, /  SmartWatch
54,Xiaomi-Mi-Band-3-Charging-Cable, /  Telefonía- Wearables, /  SmartWatch
56,Smartwatch-Versa-Lite-Mulberry, /  Telefonía- Wearables, /  SmartWatch
58,Vantage-M-Blanco-Talla-S-M, /  Telefonía- Wearables, /  SmartWatch
60,Lhotse-Reloj-Smartwatch-Lhotse-Sw98-con-Gps-y-Pulsometro, /  Telefonía- Wearables, /  SmartWatch
